miek miekle,miek,miekle,true
Steve Baker,bake,bacon,true
Claudio Ordaz,zqa635,abc123,true
Ron Swanson,rswa,abc123,false
Jerry Senior,jerry,abc123,true
Mickel Mick,mick,mick,true
Steve Steven,steve,steven,false
Steven White,white,steve,false
John Titor,johnny,titor,false
Ramy Etman,rmet,ramram,false
Stonewall Jackson,stoney,wallJack,false
Rudolph Fentz,fence,rfentz,false
Andrew Carlssin,carl,carl,false
John White,whitman,jwhite,true
Steve Sushimi,shishi,sushi,true
Tammy Tabitha,tabtab,tamtam,true
Mason Henderson,hende,hend,true
Little Green,piccolo,pico,true
Hououin Kyoma,okarin,kyoma,true
